--
-- PostgreSQL database dump
--

-- Dumped from database version 16.9
-- Dumped by pg_dump version 16.9

-- Started on 2025-06-23 12:30:20

SET statement_timeout = 0;
SET lock_timeout = 0;
SET idle_in_transaction_session_timeout = 0;
SET client_encoding = 'UTF8';
SET standard_conforming_strings = on;
SELECT pg_catalog.set_config('search_path', '', false);
SET check_function_bodies = false;
SET xmloption = content;
SET client_min_messages = warning;
SET row_security = off;

--
-- TOC entry 234 (class 1255 OID 16637)
-- Name: insert_new_section(); Type: FUNCTION; Schema: public; Owner: postgres
--

CREATE FUNCTION public.insert_new_section() RETURNS trigger
    LANGUAGE plpgsql
    AS $$
BEGIN
    -- Only insert if sectionid doesn't exist
    IF NOT EXISTS (
        SELECT 1 FROM sections WHERE sectionid = NEW.section_id
    ) THEN
        INSERT INTO sections(sectionid, isonline)
        VALUES (NEW.section_id, false);

        -- Notify the backend of the new section
        PERFORM pg_notify(
            'new_section_channel',  -- notification channel name
            json_build_object(
                'section_id', NEW.section_id,
                'isonline', false
            )::text
        );
    END IF;

    RETURN NULL;
END;
$$;


ALTER FUNCTION public.insert_new_section() OWNER TO postgres;

--
-- TOC entry 232 (class 1255 OID 16638)
-- Name: insert_unit_from_dis(); Type: FUNCTION; Schema: public; Owner: postgres
--

CREATE FUNCTION public.insert_unit_from_dis() RETURNS trigger
    LANGUAGE plpgsql
    AS $$
BEGIN
	INSERT INTO units (
		unit_name,
		unit_type,
		unit_role,
		unit_size,
		unit_posture,
		unit_mobility,
		unit_readiness,
		unit_skill,
		unit_id,
		is_friendly,
		unit_health,
		xcord,
		ycord,
		zcord,
		section_id,
		site_id,
		application_id,
		unit_ern
	) 
	SELECT
		NEW.unit_name,
		p.unit_type,
		p.unit_role,
		p.unit_size,
		p.unit_posture,
		p.unit_mobility,
		p.unit_readiness,
		p.unit_skill,
		NEW.unit_id,
		p.is_friendly,
		100,
		NEW.xcord,
		NEW.ycord,
		NEW.zcord,
		NEW.section_id,
		NEW.site_id,
		NEW.application_id,
		NEW.unit_ern
	FROM preset_units p
	WHERE p.unit_name = NEW.unit_name;

	RETURN NEW;
END;
$$;


ALTER FUNCTION public.insert_unit_from_dis() OWNER TO postgres;

--
-- TOC entry 235 (class 1255 OID 16639)
-- Name: insert_unit_from_dis_and_notify(); Type: FUNCTION; Schema: public; Owner: postgres
--

CREATE FUNCTION public.insert_unit_from_dis_and_notify() RETURNS trigger
    LANGUAGE plpgsql
    AS $$
DECLARE
    payload JSON;
BEGIN
	INSERT INTO units (
		unit_name,
		unit_type,
		unit_role,
		unit_size,
		unit_posture,
		unit_mobility,
		unit_readiness,
		unit_skill,
		unit_id,
		is_friendly,
		unit_health,
		xcord,
		ycord,
		zcord,
		section_id,
		site_id,
		application_id,
		unit_ern,
        unit_wez
	) 
	SELECT
		NEW.unit_name,
		p.unit_type,
		p.unit_role,
		p.unit_size,
		p.unit_posture,
		p.unit_mobility,
		p.unit_readiness,
		p.unit_skill,
		NEW.unit_id,
		p.is_friendly,
		100,
		NEW.xcord,
		NEW.ycord,
		NEW.zcord,
		NEW.section_id,
		NEW.site_id,
		NEW.application_id,
		NEW.unit_ern,
        p.unit_wez
	FROM preset_units p
	WHERE p.unit_name = NEW.unit_name;

    payload := json_build_object(
        'unit_id', NEW.unit_id,
        'unit_name', NEW.unit_name
    );
    PERFORM pg_notify('unit_added', payload::text);
	RAISE NOTICE 'PAYLOAD SENT %', payload;

	RETURN NULL;
END;
$$;


ALTER FUNCTION public.insert_unit_from_dis_and_notify() OWNER TO postgres;

--
-- TOC entry 233 (class 1255 OID 16640)
-- Name: update_unit_from_dis(); Type: FUNCTION; Schema: public; Owner: postgres
--

CREATE FUNCTION public.update_unit_from_dis() RETURNS trigger
    LANGUAGE plpgsql
    AS $$
BEGIN
	UPDATE units
	SET
		xcord = NEW.xcord,
		ycord = NEW.ycord,
		zcord = NEW.zcord
	FROM dis d
	WHERE units.unit_id = NEW.unit_id;

	RETURN NULL;
END;
$$;


ALTER FUNCTION public.update_unit_from_dis() OWNER TO postgres;

SET default_tablespace = '';

SET default_table_access_method = heap;

--
-- TOC entry 215 (class 1259 OID 16641)
-- Name: dis; Type: TABLE; Schema: public; Owner: postgres
--

CREATE TABLE public.dis (
    unit_name character varying,
    section_id character varying,
    unit_ern integer,
    site_id integer,
    application_id integer,
    unit_id integer NOT NULL,
    xcord numeric,
    ycord numeric,
    zcord numeric
);


ALTER TABLE public.dis OWNER TO postgres;

--
-- TOC entry 216 (class 1259 OID 16646)
-- Name: dis_unit_id_new_seq; Type: SEQUENCE; Schema: public; Owner: postgres
--

ALTER TABLE public.dis ALTER COLUMN unit_id ADD GENERATED BY DEFAULT AS IDENTITY (
    SEQUENCE NAME public.dis_unit_id_new_seq
    START WITH 1
    INCREMENT BY 1
    NO MINVALUE
    NO MAXVALUE
    CACHE 1
);


--
-- TOC entry 217 (class 1259 OID 16647)
-- Name: engagements; Type: TABLE; Schema: public; Owner: postgres
--

CREATE TABLE public.engagements (
    sectionid character(15) NOT NULL,
    friendlyid character varying(30),
    enemyid character varying(30),
    friendlybasescore numeric,
    enemybasescore numeric,
    friendlytacticsscore numeric,
    enemytacticsscore numeric,
    iswin boolean,
    enemytotalscore numeric,
    friendlytotalscore numeric,
    engagementid integer NOT NULL,
    timestamp_column timestamp without time zone
);


ALTER TABLE public.engagements OWNER TO postgres;

--
-- TOC entry 218 (class 1259 OID 16652)
-- Name: engagements_engagementid_seq; Type: SEQUENCE; Schema: public; Owner: postgres
--

ALTER TABLE public.engagements ALTER COLUMN engagementid ADD GENERATED ALWAYS AS IDENTITY (
    SEQUENCE NAME public.engagements_engagementid_seq
    START WITH 1
    INCREMENT BY 1
    NO MINVALUE
    NO MAXVALUE
    CACHE 1
);


--
-- TOC entry 231 (class 1259 OID 16716)
-- Name: ordered_engagements; Type: VIEW; Schema: public; Owner: postgres
--

CREATE VIEW public.ordered_engagements AS
 SELECT sectionid,
    friendlyid,
    enemyid,
    friendlybasescore,
    enemybasescore,
    friendlytacticsscore,
    enemytacticsscore,
    iswin,
    enemytotalscore,
    friendlytotalscore,
    engagementid,
    timestamp_column
   FROM public.engagements
  ORDER BY engagementid DESC;


ALTER VIEW public.ordered_engagements OWNER TO postgres;

--
-- TOC entry 219 (class 1259 OID 16653)
-- Name: preset_tactics; Type: TABLE; Schema: public; Owner: postgres
--

CREATE TABLE public.preset_tactics (
    unit_name character varying,
    awareness integer,
    logistics integer,
    coverage integer,
    gps integer,
    comms integer,
    fire integer,
    pattern integer
);


ALTER TABLE public.preset_tactics OWNER TO postgres;

--
-- TOC entry 220 (class 1259 OID 16658)
-- Name: preset_units; Type: TABLE; Schema: public; Owner: postgres
--

CREATE TABLE public.preset_units (
    unit_name character varying(15) NOT NULL,
    unit_type character varying,
    unit_role character varying,
    unit_size character varying,
    unit_posture character varying,
    unit_mobility character varying,
    unit_readiness character varying,
    unit_skill character varying,
    is_friendly boolean,
    unit_wez integer
);


ALTER TABLE public.preset_units OWNER TO postgres;

--
-- TOC entry 221 (class 1259 OID 16663)
-- Name: section_tactics; Type: TABLE; Schema: public; Owner: postgres
--

CREATE TABLE public.section_tactics (
    unit_id integer NOT NULL,
    awareness integer,
    logistics integer,
    coverage integer,
    gps integer,
    comms integer,
    fire integer,
    pattern integer
);


ALTER TABLE public.section_tactics OWNER TO postgres;

--
-- TOC entry 222 (class 1259 OID 16666)
-- Name: section_tree; Type: TABLE; Schema: public; Owner: postgres
--

CREATE TABLE public.section_tree (
    child_id integer NOT NULL,
    parent_id integer
);


ALTER TABLE public.section_tree OWNER TO postgres;

--
-- TOC entry 223 (class 1259 OID 16669)
-- Name: section_units; Type: TABLE; Schema: public; Owner: postgres
--

CREATE TABLE public.section_units (
    unit_id integer NOT NULL,
    unit_name character varying,
    unit_health integer,
    unit_type character varying,
    unit_role character varying,
    unit_size character varying,
    unit_posture character varying,
    unit_mobility character varying,
    unit_readiness character varying,
    unit_skill character varying,
    is_friendly character varying,
    is_root boolean,
    section_id character varying
);


ALTER TABLE public.section_units OWNER TO postgres;

--
-- TOC entry 224 (class 1259 OID 16674)
-- Name: section_units_unit_id_seq; Type: SEQUENCE; Schema: public; Owner: postgres
--

ALTER TABLE public.section_units ALTER COLUMN unit_id ADD GENERATED ALWAYS AS IDENTITY (
    SEQUENCE NAME public.section_units_unit_id_seq
    START WITH 1
    INCREMENT BY 1
    NO MINVALUE
    NO MAXVALUE
    CACHE 1
);


--
-- TOC entry 225 (class 1259 OID 16675)
-- Name: sections; Type: TABLE; Schema: public; Owner: postgres
--

CREATE TABLE public.sections (
    sectionid character varying(15) NOT NULL,
    isonline boolean NOT NULL
);


ALTER TABLE public.sections OWNER TO postgres;

--
-- TOC entry 226 (class 1259 OID 16678)
-- Name: tactics; Type: TABLE; Schema: public; Owner: postgres
--

CREATE TABLE public.tactics (
    friendlyawareness integer,
    enemyawareness integer,
    friendlylogistics integer,
    enemylogistics integer,
    friendlycoverage integer,
    enemycoverage integer,
    friendlygps integer,
    enemygps integer,
    friendlycomms integer,
    enemycomms integer,
    friendlyfire integer,
    enemyfire integer,
    friendlypattern integer,
    enemypattern integer,
    engagementid integer NOT NULL
);


ALTER TABLE public.tactics OWNER TO postgres;

--
-- TOC entry 227 (class 1259 OID 16681)
-- Name: tactics_engagementid_seq; Type: SEQUENCE; Schema: public; Owner: postgres
--

ALTER TABLE public.tactics ALTER COLUMN engagementid ADD GENERATED ALWAYS AS IDENTITY (
    SEQUENCE NAME public.tactics_engagementid_seq
    START WITH 1
    INCREMENT BY 1
    NO MINVALUE
    NO MAXVALUE
    CACHE 1
);


--
-- TOC entry 228 (class 1259 OID 16682)
-- Name: unit_tactics; Type: TABLE; Schema: public; Owner: postgres
--

CREATE TABLE public.unit_tactics (
    "ID" integer NOT NULL,
    awareness integer,
    logistics integer,
    coverage integer,
    gps integer,
    comms integer,
    fire integer,
    pattern integer
);


ALTER TABLE public.unit_tactics OWNER TO postgres;

--
-- TOC entry 229 (class 1259 OID 16685)
-- Name: units; Type: TABLE; Schema: public; Owner: postgres
--

CREATE TABLE public.units (
    unit_name character varying(50) NOT NULL,
    unit_type character varying(50),
    unit_health integer,
    unit_role character varying(50),
    unit_size character varying(50),
    unit_posture character varying(50),
    unit_mobility character varying(50),
    unit_readiness character varying(50),
    unit_skill character varying(50),
    children character varying[],
    section_id character varying(50),
    unit_id integer NOT NULL,
    is_root boolean,
    is_friendly boolean,
    xcord numeric,
    ycord numeric,
    zcord numeric,
    site_id integer,
    application_id integer,
    unit_ern integer,
    unit_wez integer
);


ALTER TABLE public.units OWNER TO postgres;

--
-- TOC entry 230 (class 1259 OID 16690)
-- Name: units_id_seq; Type: SEQUENCE; Schema: public; Owner: postgres
--

CREATE SEQUENCE public.units_id_seq
    AS integer
    START WITH 1
    INCREMENT BY 1
    NO MINVALUE
    NO MAXVALUE
    CACHE 1;


ALTER SEQUENCE public.units_id_seq OWNER TO postgres;

--
-- TOC entry 4933 (class 0 OID 0)
-- Dependencies: 230
-- Name: units_id_seq; Type: SEQUENCE OWNED BY; Schema: public; Owner: postgres
--

ALTER SEQUENCE public.units_id_seq OWNED BY public.units.unit_id;


--
-- TOC entry 4740 (class 2604 OID 16691)
-- Name: units unit_id; Type: DEFAULT; Schema: public; Owner: postgres
--

ALTER TABLE ONLY public.units ALTER COLUMN unit_id SET DEFAULT nextval('public.units_id_seq'::regclass);


--
-- TOC entry 4905 (class 0 OID 16641)
-- Dependencies: 215
-- Data for Name: dis; Type: TABLE DATA; Schema: public; Owner: postgres
--

COPY public.dis (unit_name, section_id, unit_ern, site_id, application_id, unit_id, xcord, ycord, zcord) FROM stdin;
EZOHIGUMA-B	Test	123	1	2	2	500	4000	7000
EZOHIGUMA C	TEST	135	1	2	5	50	60	70
EZOHIGUMA-B	Test	134	1	2	6	400	900	80
EZOHIGUMA-C	Test	135	1	2	7	450	1000	90
EZOHIGUMA-C	TEST	1245	1	2	8	5678	1234	7890
EZOHIGUMA-C	TES!	12345	1	2	9	678	124	589
EZOHIGUMA-D	test again	1234	1	2	10	20	21	22
CH-ARM-CO-A	test again	1235	1	2	11	21	22	22
CH-ARM-CO-B	test again	1235	1	2	12	-4079271.14459905	4513126.92167	-1909786.12840086
EZOHIGUMA-B	test again	1235	1	2	13	-4079271.14459905	4486126.922	-1909786.12840086
EZOHIGUMA-C	test again	1235	1	2	14	-4079271.14459905	4486126.922	-1909786.12840086
INF-BN-A-7	test again	11039	1	13	15	511661.163909433	-4878979.57061264	4062761.81157242
CH-ARM-CO-A	section	1200	20	25	18	5.6	6	8
INF-CO-H-5	mo_test	11039	1	13	19	511678.702376345	-4878923.37941081	4062785.30218114
INF-CO-H-5	sdection	11039	1	13	20	511678.702376345	-4878923.37941081	4062785.30218114
CH-ARM-CO-A	mysection	0	1	13	56	0	0	0
US-ARTY-A	test again	11039	1	13	24	511698.991493648	-4879034.39226133	4062687.46771968
US-MLR	test again	11037	1	13	22	511660.61959932	-4879056.30272746	4062666.13148116
INF-CO-H-5	test..test	11039	1	13	30	511698.991493648	-4879034.39226133	4062687.46771968
US-MLR	test..test	11037	1	13	31	511660.61959932	-4879056.30272746	4062666.13148116
INF-CO-H-5	plea	11039	1	13	32	511698.991493648	-4879034.39226133	4062687.46771968
SOF-BN-A-8	test again	11215	1	13	23	511458.494344392	-4879081.51197384	4062665.26492729
INF-CO-H-5	new_test	11039	1	13	45	511698.991493648	-4879034.39226133	4062687.46771968
EZOHIGUMA-D	mynewsection	1460	1	2	25	0	0	0
US-MLR	plea	11037	1	13	33	511660.61959932	-4879056.30272746	4062666.13148116
INF-CO-H-5	pleasework	11039	1	13	34	511698.991493648	-4879034.39226133	4062687.46771968
US-MLR	pleasework	11037	1	13	35	511660.61959932	-4879056.30272746	4062666.13148116
US-MEU	test again	11037	1	13	16	511660.61959932	-4879056.30272746	4062666.13148116
INF-CO-H-5	test-section	11039	1	13	26	511698.991493648	-4879034.39226133	4062687.46771968
US-MLR	test-section	11037	1	13	27	511660.61959932	-4879056.30272746	4062666.13148116
INF-CO-H-5	yay	11039	1	13	36	511698.991493648	-4879034.39226133	4062687.46771968
US-MLR	yay	11037	1	13	37	511660.61959932	-4879056.30272746	4062666.13148116
INF-CO-H-5	Demo	11039	1	13	38	511698.991493648	-4879034.39226133	4062687.46771968
US-MLR	Demo	11037	1	13	39	511660.61959932	-4879056.30272746	4062666.13148116
INF-CO-H-5	Demo 2	11039	1	13	40	511698.991493648	-4879034.39226133	4062687.46771968
US-MLR	Demo 2	11037	1	13	41	511660.61959932	-4879056.30272746	4062666.13148116
US-MLR	new_test	11037	1	13	48	511660.61959932	-4879056.30272746	4062666.13148116
INF-CO-H-5	23JUN-test	11039	1	13	49	511698.991493648	-4879034.39226133	4062687.46771968
INF-CO-H-5	mysectiontest	11039	1	13	28	511698.991493648	-4879034.39226133	4062687.46771968
US-MLR	mysectiontest	11037	1	13	29	511660.61959932	-4879056.30272746	4062666.13148116
US-MLR	23JUN-test	11037	1	13	50	511660.61959932	-4879056.30272746	4062666.13148116
INF-CO-H-5	test again	11039	1	13	21	511698.991493648	-4879034.39226133	4062687.46771968
INF-CO-H-5	mysection	11039	1	13	51	0	0	0
US-INF-BG-B	mysection	11037	1	13	52	0	0	0
US-INF-BG-A	mysection	0	1	13	53	0	0	0
US-MLR	mysection	0	1	13	54	0	0	0
US-LOG	mysection	0	1	13	55	0	0	0
\.


--
-- TOC entry 4907 (class 0 OID 16647)
-- Dependencies: 217
-- Data for Name: engagements; Type: TABLE DATA; Schema: public; Owner: postgres
--

COPY public.engagements (sectionid, friendlyid, enemyid, friendlybasescore, enemybasescore, friendlytacticsscore, enemytacticsscore, iswin, enemytotalscore, friendlytotalscore, engagementid, timestamp_column) FROM stdin;
testsection    	58	60	18.799999999999997	25	\N	\N	f	17.5	13.159999999999997	657	\N
testsection    	58	62	18.799999999999997	31.700000000000003	\N	\N	f	22.19	13.159999999999997	658	\N
ONE Copy       	163	176	38.099999999999994	39.4	\N	\N	f	27.58	26.669999999999995	659	\N
ONE Copy       	163	177	38.099999999999994	39.4	\N	\N	f	27.58	26.669999999999995	660	\N
ONE Copy       	163	177	38.099999999999994	39.4	100	100	f	57.58	56.669999999999995	661	\N
ONE Copy       	163	177	38.099999999999994	39.4	100	100	f	57.58	56.669999999999995	662	\N
ONE v1         	73	90	38.099999999999994	35.3	\N	\N	t	24.709999999999997	26.669999999999995	663	\N
ONE v1         	73	89	38.099999999999994	35.3	\N	\N	t	24.709999999999997	26.669999999999995	664	\N
ONE v1         	73	89	38.099999999999994	35.3	100	100	t	54.709999999999994	56.669999999999995	665	\N
ONE v1         	73	92	38.099999999999994	39.4	\N	\N	f	27.58	26.669999999999995	666	\N
ONE v1         	83	101	44	30.400000000000002	\N	\N	t	21.28	30.799999999999997	667	\N
ONE v1         	83	99	44	34.7	\N	\N	t	24.29	30.799999999999997	668	\N
ONE v1         	83	102	44	34.7	\N	\N	t	24.29	30.799999999999997	669	\N
ONE v1         	83	99	44	34.7	\N	\N	t	24.29	30.799999999999997	670	\N
ONE v1         	83	92	44	39.4	\N	\N	t	27.58	30.799999999999997	671	\N
ONE v1         	83	88	44	35.3	\N	\N	t	24.709999999999997	30.799999999999997	672	\N
ONE v1         	78	95	31.6	30.400000000000002	\N	\N	t	21.28	22.12	673	\N
ONE v1         	78	95	31.6	30.400000000000002	75	75	t	43.78	44.620000000000005	674	\N
ONE v1         	78	95	31.6	30.400000000000002	75	75	t	43.78	44.620000000000005	675	\N
ONE v1         	77	102	31.6	34.7	\N	\N	f	24.29	22.12	676	\N
ONE v1         	83	93	44	40.9	\N	\N	t	28.629999999999995	30.799999999999997	677	\N
ONE v1         	77	89	31.6	35.3	\N	\N	f	24.709999999999997	22.12	678	\N
ONE v1         	87	103	44	25.700000000000003	\N	\N	t	17.990000000000002	30.799999999999997	679	\N
ONE v1         	85	90	28.000000000000004	35.3	\N	\N	f	24.709999999999997	19.6	680	\N
ONE v1         	85	89	28.000000000000004	35.3	\N	\N	f	24.709999999999997	19.6	681	\N
ONE v1         	85	93	28.000000000000004	40.9	\N	\N	f	28.629999999999995	19.6	682	\N
ONE v1         	77	94	31.6	30.400000000000002	\N	\N	t	21.28	22.12	683	\N
ONE v1         	85	90	28.000000000000004	35.3	\N	\N	f	24.709999999999997	19.6	684	\N
ONE v1         	87	98	44	32.4	\N	\N	t	22.679999999999996	30.799999999999997	685	\N
ONE v1         	83	97	44	32.4	\N	\N	t	22.679999999999996	30.799999999999997	686	\N
ONE v1         	86	98	44	32.4	\N	\N	t	22.679999999999996	30.799999999999997	687	\N
ONE v1         	86	98	44	32.4	60	60	t	40.67999999999999	48.8	688	\N
ONE v1         	73	98	38.099999999999994	32.4	\N	\N	t	22.679999999999996	26.669999999999995	689	\N
ONE v1         	82	90	41.5	35.3	\N	\N	t	24.709999999999997	29.049999999999997	690	\N
ONE v1         	85	99	28.000000000000004	34.7	\N	\N	f	24.29	19.6	691	\N
ONE v1         	77	96	31.6	30.400000000000002	\N	\N	t	21.28	22.12	692	\N
ONE v1         	86	99	44	34.7	\N	\N	t	24.29	30.799999999999997	693	\N
ONE v1         	86	99	44	34.7	80	80	t	48.29	54.8	694	\N
ONE v1         	83	103	44	25.700000000000003	\N	\N	t	17.990000000000002	30.799999999999997	695	\N
ONE v1         	83	97	44	32.4	\N	\N	t	22.679999999999996	30.799999999999997	696	\N
ONE v1         	85	105	28.000000000000004	25.700000000000003	\N	\N	t	17.990000000000002	19.6	697	\N
ONE v1         	87	104	44	25.700000000000003	\N	\N	t	17.990000000000002	30.799999999999997	698	\N
ONE v1         	87	104	44	25.700000000000003	\N	\N	t	17.990000000000002	30.799999999999997	699	\N
ONE v1         	85	88	28.000000000000004	35.3	\N	\N	f	24.709999999999997	19.6	700	\N
ONE v1         	85	103	28.000000000000004	25.700000000000003	\N	\N	t	17.990000000000002	19.6	701	\N
ONE v1         	87	105	44	25.700000000000003	\N	\N	t	17.990000000000002	30.799999999999997	702	\N
ONE v1         	87	94	44	30.400000000000002	\N	\N	t	21.28	30.799999999999997	703	\N
ONE v1         	83	89	44	35.3	\N	\N	t	24.709999999999997	30.799999999999997	704	\N
ONE v1         	83	89	44	35.3	80	80	t	48.709999999999994	54.8	705	\N
ONE v1         	87	101	44	30.400000000000002	\N	\N	t	21.28	30.799999999999997	706	\N
ONE v1         	85	101	28.000000000000004	30.400000000000002	\N	\N	f	21.28	19.6	707	\N
ONE v1         	87	98	44	32.4	\N	\N	t	22.679999999999996	30.799999999999997	708	\N
ONE v1         	83	103	44	27.200000000000003	\N	\N	t	19.04	30.799999999999997	709	\N
ONE v1         	86	104	44	27.200000000000003	\N	\N	t	19.04	30.799999999999997	710	\N
ONE v1         	85	104	28.000000000000004	27.200000000000003	\N	\N	t	19.04	19.6	711	\N
ONE v1         	83	104	44	27.200000000000003	\N	\N	t	19.04	30.799999999999997	712	\N
ONE v1         	87	99	44	34.7	\N	\N	t	24.29	30.799999999999997	713	\N
ONE v1         	86	105	44	27.200000000000003	\N	\N	t	19.04	30.799999999999997	714	\N
ONE v1         	86	105	44	27.200000000000003	\N	\N	t	19.04	30.799999999999997	715	\N
ONE v1         	83	103	44	27.200000000000003	\N	\N	t	19.04	30.799999999999997	716	\N
ONE v1         	83	99	44	34.7	\N	\N	t	24.29	30.799999999999997	717	\N
ONE v1         	83	105	44	27.200000000000003	\N	\N	t	19.04	30.799999999999997	718	\N
ONE v1         	83	105	44	27.200000000000003	90	90	t	46.04	57.8	719	\N
ONE v1         	87	99	44	34.7	\N	\N	t	24.29	30.799999999999997	720	\N
ONE v1         	87	104	44	27.200000000000003	\N	\N	t	19.04	30.799999999999997	721	\N
ONE v1         	85	99	28.000000000000004	34.7	\N	\N	f	24.29	19.6	722	\N
ONE v1         	86	103	44	27.200000000000003	\N	\N	t	19.04	30.799999999999997	723	\N
ONE v1         	69	104	32.9	27.200000000000003	\N	\N	t	19.04	23.029999999999998	724	\N
ONE v1         	67	95	32.9	30.400000000000002	\N	\N	t	21.28	23.029999999999998	725	\N
ONE v1         	80	98	33.6	32.4	\N	\N	t	22.679999999999996	23.52	726	\N
ONE v1         	81	98	33.6	32.4	\N	\N	t	22.679999999999996	23.52	727	\N
ONE v1         	78	96	31.6	30.400000000000002	\N	\N	t	21.28	22.12	728	\N
ONE v1         	83	104	44	27.200000000000003	\N	\N	t	19.04	30.799999999999997	729	\N
ONE v1         	80	97	33.6	32.4	\N	\N	t	22.679999999999996	23.52	730	\N
ONE v1         	80	97	33.6	32.4	90	90	t	49.67999999999999	50.519999999999996	731	\N
ONE v1         	87	105	44	27.200000000000003	\N	\N	t	19.04	30.799999999999997	732	\N
ONE v1         	85	104	28.000000000000004	27.200000000000003	\N	\N	t	19.04	19.6	733	\N
ONE v1         	86	105	44	27.200000000000003	\N	\N	t	19.04	30.799999999999997	734	\N
ONE v1         	86	104	44	27.200000000000003	\N	\N	t	19.04	30.799999999999997	735	\N
ONE v1         	87	103	44	27.200000000000003	\N	\N	t	19.04	30.799999999999997	736	\N
ONE v1         	85	103	28.000000000000004	27.200000000000003	\N	\N	t	19.04	19.6	737	\N
ONE v1         	85	98	28.000000000000004	32.4	\N	\N	f	22.679999999999996	19.6	738	\N
ONE v1         	77	100	31.6	30.400000000000002	\N	\N	t	21.28	22.12	739	\N
ONE v1         	77	100	31.6	30.400000000000002	100	100	t	51.28	52.120000000000005	740	\N
ONE v1         	77	100	31.6	30.400000000000002	100	100	t	51.28	52.120000000000005	741	\N
ONE v1         	70	90	37.199999999999996	35.3	\N	\N	t	24.709999999999997	26.039999999999996	742	\N
ONE v1         	80	104	33.6	27.200000000000003	\N	\N	t	19.04	23.52	743	\N
ONE v1         	81	98	33.6	32.4	\N	\N	t	22.679999999999996	23.52	744	\N
ONE v1         	81	98	33.6	32.4	\N	\N	t	22.679999999999996	23.52	745	\N
ONE v1         	78	95	31.6	30.400000000000002	\N	\N	t	21.28	22.12	746	\N
ONE v1         	67	93	32.9	40.9	\N	\N	f	28.629999999999995	23.029999999999998	747	\N
ONE v1         	84	103	23.500000000000004	27.200000000000003	\N	\N	f	19.04	16.450000000000003	748	\N
ONE v1         	69	92	32.9	39.4	\N	\N	f	27.58	23.029999999999998	749	\N
ONE v1         	69	92	32.9	39.4	55	55	f	44.08	39.53	750	\N
ONE v1         	69	92	32.9	39.4	55	55	f	44.08	39.53	751	\N
ONE v1         	69	92	32.9	39.4	55	55	f	44.08	39.53	752	\N
ONE v1         	69	92	32.9	39.4	55	55	f	44.08	39.53	753	\N
ONE v1         	69	92	32.9	39.4	55	55	f	44.08	39.53	754	\N
ONE v1         	83	88	44	35.3	\N	\N	t	24.709999999999997	30.799999999999997	755	\N
ONE v1         	83	88	44	35.3	80	80	t	48.709999999999994	54.8	756	\N
ONE v1         	70	91	37.199999999999996	39.4	\N	\N	f	27.58	26.039999999999996	757	\N
ONE v1         	84	101	23.500000000000004	30.400000000000002	\N	\N	f	21.28	16.450000000000003	758	\N
ONE v1         	79	101	31.6	30.400000000000002	\N	\N	t	21.28	22.12	759	\N
ONE v1         	87	104	44	27.200000000000003	\N	\N	t	19.04	30.799999999999997	760	\N
ONE v1         	87	104	44	27.200000000000003	100	100	t	49.04	60.8	761	\N
ONE v1         	65	89	35.3	35.3	\N	\N	f	24.709999999999997	24.709999999999997	762	\N
ONE v1         	65	89	35.3	35.3	100	100	f	54.709999999999994	54.709999999999994	763	\N
ONE v1         	65	89	35.3	35.3	65	65	f	44.209999999999994	44.209999999999994	764	\N
ONE v1         	65	89	35.3	35.3	40	40	f	36.709999999999994	36.709999999999994	765	\N
test           	241	244	31.6	32.4	\N	\N	f	22.679999999999996	22.12	766	\N
ONE v1         	250	94	32.7	30.400000000000002	\N	\N	t	21.28	22.89	767	\N
test 2         	267	268	37.199999999999996	35.3	\N	\N	t	24.709999999999997	26.039999999999996	768	\N
test           	249	254	33.5	35.3	\N	\N	f	24.709999999999997	23.45	769	\N
test 3         	265	274	33.6	32.4	\N	\N	t	22.679999999999996	23.52	770	\N
test 3         	265	274	33.6	32.4	\N	\N	t	22.679999999999996	23.52	771	\N
ONE v1         	83	96	44	30.400000000000002	\N	\N	t	21.28	30.799999999999997	772	\N
ONE v1         	83	96	44	30.400000000000002	100	100	t	51.28	60.8	773	\N
ONE v1         	81	92	33.6	39.4	\N	\N	f	27.58	23.52	774	\N
ONE v1         	81	92	33.6	39.4	100	100	f	57.58	53.519999999999996	775	\N
ONE v1         	84	95	23.500000000000004	30.400000000000002	\N	\N	f	21.28	16.450000000000003	776	\N
ONE v1         	84	95	23.500000000000004	30.400000000000002	60	60	f	39.28	34.45	777	\N
ONE v1         	84	95	23.500000000000004	30.400000000000002	60	60	f	39.28	34.45	778	\N
ONE v1         	79	102	31.6	34.7	\N	\N	f	24.29	22.12	779	\N
test 3         	264	270	36.599999999999994	35.3	\N	\N	t	24.709999999999997	25.619999999999994	780	\N
updated test   	282	283	41.699999999999996	33.6	\N	\N	t	23.52	29.189999999999994	781	\N
ONE v1         	235	91	33.6	39.4	\N	\N	f	27.58	23.52	782	\N
ONE v1         	235	91	33.6	39.4	100	100	f	57.58	53.519999999999996	783	\N
ONE v1         	72	90	36.599999999999994	35.3	\N	\N	t	24.709999999999997	25.619999999999994	784	\N
test again     	286	297	25.599999999999998	42	\N	\N	f	29.4	17.919999999999998	785	\N
test again     	286	297	25.599999999999998	42	100	100	f	59.4	47.92	786	\N
test again     	286	297	25.599999999999998	42	100	100	f	59.4	47.92	787	\N
test again     	16	15	41.699999999999996	36.9	\N	\N	t	25.83	29.189999999999994	788	\N
test again     	16	15	41.699999999999996	36.9	100	100	t	55.83	59.19	789	\N
test again     	16	15	41.699999999999996	36.9	100	100	t	55.83	59.19	790	\N
test again     	14	12	25.599999999999998	36.3	\N	\N	f	25.409999999999997	17.919999999999998	791	\N
test again     	16	21	41.699999999999996	33.6	\N	\N	t	23.52	29.189999999999994	792	\N
test again     	16	21	41.699999999999996	33.6	\N	\N	t	23.52	29.189999999999994	793	\N
test again     	16	21	41.699999999999996	33.6	\N	\N	t	23.52	29.189999999999994	794	\N
test again     	24	21	34.2	33.6	\N	\N	t	23.52	23.94	795	\N
test again     	22	23	41.699999999999996	42	\N	\N	f	29.4	29.189999999999994	796	\N
test again     	24	23	34.2	42	\N	\N	f	29.4	23.94	797	\N
test again     	24	23	34.2	42	\N	\N	f	29.4	23.94	798	\N
test again     	808905	11	34.2	36.3	\N	\N	f	25.409999999999997	23.94	799	\N
test again     	808905	11	34.2	36.3	75	75	f	47.91	46.44	800	\N
test again     	808903	11	42	36.3	\N	\N	t	25.409999999999997	29.4	801	\N
test again     	808903	11	42	36.3	90	90	t	52.41	56.4	802	\N
test again     	808903	11	42	36.3	\N	\N	t	25.409999999999997	29.4	803	\N
test again     	808903	11	42	36.3	55	55	t	41.91	45.9	804	\N
test again     	808903	11	42	36.3	55	55	t	41.91	45.9	805	\N
\.


--
-- TOC entry 4909 (class 0 OID 16653)
-- Dependencies: 219
-- Data for Name: preset_tactics; Type: TABLE DATA; Schema: public; Owner: postgres
--

COPY public.preset_tactics (unit_name, awareness, logistics, coverage, gps, comms, fire, pattern) FROM stdin;
CJTFHQ	1	1	1	1	1	1	1
Logistics	1	1	1	1	1	1	1
Brigade	1	1	1	1	1	1	1
JAF BN	1	1	1	1	1	1	1
Company	1	1	1	1	1	1	1
Artillery	1	1	1	1	1	1	1
Rangers	1	1	1	1	1	1	1
SFG	1	1	1	1	1	1	1
MARSOC	1	1	1	1	1	1	1
NSWG	1	1	1	1	1	1	1
PLAHQ	1	1	1	1	1	1	1
PLA BG	1	1	1	1	1	1	1
PLA CO	1	1	1	1	1	1	1
PLA ARTY	1	1	1	1	1	1	1
PLA SOF CO	1	1	1	1	1	1	1
PLA SOF TM	1	1	1	1	1	1	1
RPA	1	1	1	1	1	1	1
SOC Helo	1	1	1	1	1	1	1
plane	1	1	1	1	1	1	1
EZOHIGUMA-C	1	1	1	1	1	1	1
EZOHIGUMA-D	1	1	1	1	1	1	1
EZOHIGUMA-E	1	1	1	1	1	1	1
JAF-BN-A	1	1	1	1	1	1	1
JAF-BN-B	1	1	1	1	1	1	1
JAF-BN-C	1	1	1	1	1	1	1
MARSOC	1	1	1	1	1	1	1
NSW	1	1	1	1	1	1	1
RANGERS	1	1	1	1	1	1	1
SFG	1	1	1	1	1	1	1
US-ARM-CO-A	1	1	1	1	1	1	1
US-ARM-CO-B	1	1	1	1	1	1	1
US-ARM-CO-C	1	1	1	1	1	1	1
US-ARTY-A	1	1	1	1	1	1	1
US-ARTY-B	1	1	1	1	1	1	1
US-ARTY-C	1	1	1	1	1	1	1
US-INF-BG-A	1	1	1	1	1	1	1
US-INF-BG-B	1	1	1	1	1	1	1
US-INF-BG-C	1	1	1	1	1	1	1
US-LOG	1	1	1	1	1	1	1
US-LOG-B	1	1	1	1	1	1	1
US-LOG-C	1	1	1	1	1	1	1
US-MLR	1	1	1	1	1	1	1
INF-BG-A-10	1	1	1	1	1	1	1
INF-BG-B-10	1	1	1	1	1	1	1
INF-BG-C-10	1	1	1	1	1	1	1
INF-BN-A-7	1	1	1	1	1	1	1
INF-BN-B-7	1	1	1	1	1	1	1
INF-BN-C-7	1	1	1	1	1	1	1
INF-BN-D-7	1	1	1	1	1	1	1
INF-CO-A-5	1	1	1	1	1	1	1
INF-CO-B-5	1	1	1	1	1	1	1
INF-CO-C-5	1	1	1	1	1	1	1
INF-CO-D-5	1	1	1	1	1	1	1
INF-CO-E-5	1	1	1	1	1	1	1
INF-CO-F-5	1	1	1	1	1	1	1
INF-CO-G-5	1	1	1	1	1	1	1
INF-CO-H-5	1	1	1	1	1	1	1
SOF-BN-A-8	1	1	1	1	1	1	1
SOF-BN-B-8	1	1	1	1	1	1	1
SOF-BN-C-8	1	1	1	1	1	1	1
SOF-TM-A-3	1	1	1	1	1	1	1
SOF-TM-B-3	1	1	1	1	1	1	1
SOF-TM-C-3	1	1	1	1	1	1	1
SOF-TM-D-3	1	1	1	1	1	1	1
SOF-TM-E-3	1	1	1	1	1	1	1
CH-ARM-CO-A	1	1	1	1	1	1	1
CH-ARM-CO-B	1	1	1	1	1	1	1
\.


--
-- TOC entry 4910 (class 0 OID 16658)
-- Dependencies: 220
-- Data for Name: preset_units; Type: TABLE DATA; Schema: public; Owner: postgres
--

COPY public.preset_units (unit_name, unit_type, unit_role, unit_size, unit_posture, unit_mobility, unit_readiness, unit_skill, is_friendly, unit_wez) FROM stdin;
EZOHIGUMA-B	Special Operations Forces - EZO	Combat	Squad/Team	Offense and Defense	Mobile (foot)	Low	Untrained	t	15
EZOHIGUMA-C	Special Operations Forces - EZO	Combat	Squad/Team	Offense and Defense	Mobile (foot)	Low	Untrained	t	15
EZOHIGUMA-D	Special Operations Forces - EZO	Combat	Squad/Team	Offense and Defense	Mobile (foot)	Low	Untrained	t	15
EZOHIGUMA-E	Special Operations Forces - EZO	Combat	Squad/Team	Offense and Defense	Mobile (foot)	Low	Untrained	t	15
JAF-BN-A	Infantry	Combat	Battalion	Offensive Only	Mobile (wheeled)	High	Advanced	t	10
JAF-BN-B	Infantry	Combat	Battalion	Offensive Only	Mobile (wheeled)	High	Advanced	t	10
JAF-BN-C	Infantry	Combat	Battalion	Offensive Only	Mobile (wheeled)	High	Advanced	t	10
MARSOC	Special Operations Forces	Combat	Squad/Team	Offense and Defense	Mobile (foot)	High	Elite	t	10
NSW	Special Operations Forces	Combat	Squad/Team	Offense and Defense	Mobile (foot)	High	Elite	t	10
RANGERS	Combined Arms	Combat	Battalion	Offense and Defense	Mobile (foot)	High	Elite	t	10
SFG	Special Operations Forces	Combat	Battalion	Offense and Defense	Mobile (foot)	High	Elite	t	10
US-ARM-CO-A	Armor Company	Combat	Company/Battery	Offensive Only	Mobile (track)	High	Basic	t	10
US-ARM-CO-B	Armor Company	Combat	Company/Battery	Offensive Only	Mobile (track)	High	Advanced	t	10
US-ARM-CO-C	Armor Company	Combat	Company/Battery	Offensive Only	Mobile (track)	High	Advanced	t	10
US-ARTY-A	Field Artillery	Combat	Company/Battery	Offensive Only	Mobile (track)	High	Advanced	t	20
US-ARTY-B	Field Artillery	Combat	Company/Battery	Offensive Only	Mobile (track)	High	Advanced	t	20
US-ARTY-C	Field Artillery	Combat	Company/Battery	Offensive Only	Mobile (track)	High	Advanced	t	20
US-INF-BG-A	Infantry	Combat	Brigade/Regiment	Offensive Only	Mobile (wheeled)	High	Basic	t	10
US-INF-BG-B	Infantry	Combat	Brigade/Regiment	Offensive Only	Mobile (wheeled)	High	Basic	t	10
US-INF-BG-C	Infantry	Combat	Brigade/Regiment	Offensive Only	Mobile (wheeled)	High	Basic	t	10
US-LOG	Combat Support	Supply Materials	Battalion	Defensive Only	Mobile (wheeled)	High	Basic	t	15
US-LOG-B	Combat Support	Supply Materials	Battalion	Defensive Only	Mobile (wheeled)	High	Basic	t	15
US-LOG-C	Combat Support	Supply Materials	Battalion	Defensive Only	Mobile (wheeled)	High	Basic	t	15
US-MEU	Infantry	Combat	Battalion	Offense and Defense	Mobile (wheeled)	High	Advanced	t	20
US-MLR	Infantry	Combat	Battalion	Offense and Defense	Mobile (wheeled)	High	Advanced	t	20
INF-BG-A-10	Infantry	Combat	Brigade/Regiment	Defensive Only	Mobile (wheeled)	Low	Basic	f	10
INF-BG-B-10	Infantry	Combat	Brigade/Regiment	Defensive Only	Mobile (wheeled)	Low	Basic	f	10
INF-BG-C-10	Infantry	Combat	Brigade/Regiment	Defensive Only	Mobile (wheeled)	Low	Basic	f	10
INF-BN-A-7	Infantry	Combat	Battalion	Defensive Only	Mobile (wheeled)	Medium	Basic	f	10
INF-BN-B-7	Infantry	Combat	Battalion	Defensive Only	Mobile (wheeled)	Medium	Basic	f	10
INF-BN-C-7	Infantry	Combat	Battalion	Defensive Only	Mobile (wheeled)	Medium	Basic	f	10
INF-BN-D-7	Infantry	Combat	Battalion	Defensive Only	Mobile (wheeled)	Medium	Basic	f	10
INF-CO-A-5	Infantry	Combat	Company/Battery	Defensive Only	Mobile (foot)	Medium	Advanced	f	10
INF-CO-B-5	Infantry	Combat	Company/Battery	Defensive Only	Mobile (foot)	Medium	Advanced	f	10
INF-CO-C-5	Infantry	Combat	Company/Battery	Defensive Only	Mobile (foot)	Medium	Advanced	f	10
INF-CO-D-5	Infantry	Combat	Company/Battery	Defensive Only	Mobile (foot)	Medium	Advanced	f	10
INF-CO-E-5	Infantry	Combat	Company/Battery	Defensive Only	Mobile (foot)	Medium	Advanced	f	10
INF-CO-F-5	Infantry	Combat	Company/Battery	Defensive Only	Mobile (foot)	Medium	Advanced	f	10
INF-CO-G-5	Infantry	Combat	Company/Battery	Defensive Only	Mobile (foot)	Medium	Advanced	f	10
INF-CO-H-5	Infantry	Combat	Company/Battery	Defensive Only	Mobile (foot)	Medium	Advanced	f	10
SOF-BN-A-8	Special Operations Forces	Combat	Battalion	Offense and Defense	Mobile (foot)	High	Elite	f	10
SOF-BN-B-8	Special Operations Forces	Combat	Battalion	Offense and Defense	Mobile (foot)	High	Elite	f	10
SOF-BN-C-8	Special Operations Forces	Combat	Battalion	Offense and Defense	Mobile (foot)	High	Elite	f	10
SOF-TM-A-3	Special Operations Forces	Combat	Squad/Team	Offense and Defense	Mobile (foot)	High	Elite	f	10
SOF-TM-B-3	Special Operations Forces	Combat	Squad/Team	Offense and Defense	Mobile (foot)	High	Elite	f	10
SOF-TM-C-3	Special Operations Forces	Combat	Squad/Team	Offense and Defense	Mobile (foot)	High	Elite	f	10
SOF-TM-D-3	Special Operations Forces	Combat	Squad/Team	Offense and Defense	Mobile (foot)	High	Elite	f	10
SOF-TM-E-3	Special Operations Forces	Combat	Squad/Team	Offense and Defense	Mobile (foot)	High	Elite	f	10
CH-ARM-CO-A	Armor Company	Combat	Company/Battery	Defensive Only	Mobile (track)	Low	Basic	f	10
CH-ARM-CO-B	Armor Company	Combat	Company/Battery	Defensive Only	Mobile (track)	Low	Basic	f	10
EZOHIGUMA-A	Special Operations Forces - EZO	Combat	Squad/Team	Offense and Defense	Mobile (foot)	Low	Untrained	t	15
\.


--
-- TOC entry 4911 (class 0 OID 16663)
-- Dependencies: 221
-- Data for Name: section_tactics; Type: TABLE DATA; Schema: public; Owner: postgres
--

COPY public.section_tactics (unit_id, awareness, logistics, coverage, gps, comms, fire, pattern) FROM stdin;
78	1	1	1	1	1	1	1
64	1	1	1	1	1	1	1
66	1	1	1	1	1	1	1
82	1	1	1	1	1	1	1
105	1	1	1	1	1	1	1
80	1	1	1	1	1	1	1
85	1	1	1	1	1	1	1
98	1	1	1	1	1	1	1
97	0	0	1	1	1	0	0
93	1	1	1	1	1	1	1
88	1	1	1	1	1	1	1
70	1	1	1	1	1	1	1
77	1	1	1	1	1	1	1
69	1	1	1	1	1	1	1
86	1	1	1	1	1	1	1
65	1	1	1	1	1	1	1
89	1	1	1	1	1	1	1
90	1	1	1	1	1	1	1
94	1	1	1	1	1	1	1
91	1	1	1	1	1	1	1
95	1	1	1	1	1	1	1
92	1	1	1	1	1	1	1
103	1	1	1	1	1	1	1
83	1	1	1	1	1	1	1
87	1	1	1	1	1	1	1
71	1	1	1	1	1	1	1
99	1	1	1	1	1	1	1
102	1	1	1	1	1	1	1
84	1	1	1	1	1	1	1
72	1	1	1	1	1	1	1
67	1	1	1	1	1	1	1
79	1	1	1	1	1	1	1
81	1	1	1	1	1	1	1
73	1	1	1	1	1	1	1
235	1	1	1	1	1	1	1
100	1	1	1	1	1	1	1
104	1	1	1	1	1	1	1
101	1	1	1	1	1	1	1
96	1	1	1	1	1	1	1
250	1	1	1	1	1	1	1
251	1	1	1	1	1	1	1
252	1	1	1	1	1	1	1
260	1	1	1	1	1	1	1
262	1	1	1	1	1	1	1
263	1	1	1	1	1	1	1
264	1	1	1	1	1	1	1
265	1	1	1	1	1	1	1
266	1	1	1	1	1	1	1
267	1	1	1	1	1	1	1
268	1	1	1	1	1	1	1
269	1	1	1	1	1	1	1
270	1	1	1	1	1	1	1
271	1	1	1	1	1	1	1
272	1	1	1	1	1	1	1
273	1	1	1	1	1	1	1
274	1	1	1	1	1	1	1
275	1	1	1	1	1	1	1
276	1	1	1	1	1	1	1
277	1	1	1	1	1	1	1
278	1	1	1	1	1	1	1
279	1	1	1	1	1	1	1
280	1	1	1	1	1	1	1
281	1	1	1	1	1	1	1
282	1	1	1	1	1	1	1
283	1	1	1	1	1	1	1
284	1	1	1	1	1	1	1
285	1	1	1	1	1	1	1
286	1	1	1	1	1	1	1
287	1	1	1	1	1	1	1
288	1	1	1	1	1	1	1
289	1	1	1	1	1	1	1
290	1	1	1	1	1	1	1
291	1	1	1	1	1	1	1
292	1	1	1	1	1	1	1
293	1	1	1	1	1	1	1
294	1	1	1	1	1	1	1
295	1	1	1	1	1	1	1
296	1	1	1	1	1	1	1
297	1	1	1	1	1	1	1
298	1	1	1	1	1	1	1
299	1	1	1	1	1	1	1
\.


--
-- TOC entry 4912 (class 0 OID 16666)
-- Dependencies: 222
-- Data for Name: section_tree; Type: TABLE DATA; Schema: public; Owner: postgres
--

COPY public.section_tree (child_id, parent_id) FROM stdin;
65	64
66	64
67	65
69	67
70	65
71	70
72	71
73	72
235	81
77	65
78	77
79	78
80	65
81	80
82	66
83	82
84	83
85	84
86	66
87	86
89	88
90	88
91	89
92	91
93	92
94	89
95	94
96	95
97	89
98	97
99	90
100	99
101	100
102	101
103	90
104	103
105	104
250	235
251	66
252	64
263	260
264	260
265	263
266	262
267	266
269	265
271	268
272	271
273	270
274	270
275	79
277	276
280	277
278	281
279	278
284	280
285	279
287	286
288	286
289	286
290	288
291	288
292	288
293	289
294	287
296	295
297	295
298	295
299	296
\.


--
-- TOC entry 4913 (class 0 OID 16669)
-- Dependencies: 223
-- Data for Name: section_units; Type: TABLE DATA; Schema: public; Owner: postgres
--

COPY public.section_units (unit_id, unit_name, unit_health, unit_type, unit_role, unit_size, unit_posture, unit_mobility, unit_readiness, unit_skill, is_friendly, is_root, section_id) FROM stdin;
67	JAF BN	83	Infantry	Combat	Battalion	Offensive Only	Mobile (foot)	Medium	Basic	true	f	ONE v1
99	PLA SOF CO A	90	Special Operations Forces	Combat	Company/Battery	Offensive Only	Mobile (foot)	High	Advanced	false	f	ONE v1
105	PLA SOF TM	\N	Special Operations Forces	Combat	Squad/Team	Offensive Only	Mobile (foot)	High	Advanced	false	f	ONE v1
64	CJTFHQ	100	Command and Control	Headquarters	Brigade/Regiment	Defensive Only	Stationary	Medium	Advanced	true	t	ONE v1
66	JFSOCC	100	Command and Control	Headquarters	Brigade/Regiment	Defensive Only	Stationary	Medium	Advanced	true	f	ONE v1
71	BGA	21	Infantry	Combat	Brigade/Regiment	Offensive Only	Mobile (foot)	Medium	Advanced	true	f	ONE v1
69	JAF BN	4	Infantry	Combat	Battalion	Offensive Only	Mobile (foot)	Medium	Basic	true	f	ONE v1
86	Ezohuguma A	80	Special Operations Forces	Combat	Battalion	Offense and Defense	Mobile (wheeled)	High	Elite	true	f	ONE v1
73	BGC	40	Armored Mechanized	Combat	Brigade/Regiment	Offensive Only	Mobile (foot)	Medium	Advanced	true	f	ONE v1
70	Logistics	36	Combat Support	Supply Materials	Battalion	Offense and Defense	Mobile (wheeled)	Medium	Advanced	true	f	ONE v1
101	PLA CO C	67	Infantry	Combat	Company/Battery	Offensive Only	Mobile (foot)	Medium	Basic	false	f	ONE v1
82	Rangers	6	Armored Mechanized Tracked	Combat	Battalion	Offensive Only	Mobile (wheeled)	High	Elite	true	f	ONE v1
85	NSWG	0	Special Operations Forces	Combat	Squad/Team	Offensive Only	Mobile (foot)	High	Elite	true	f	ONE v1
77	CO A	42	Infantry	Combat	Company/Battery	Offensive Only	Mobile (foot)	Medium	Advanced	true	f	ONE v1
88	PLAHQ	12	Command and Control	Headquarters	Brigade/Regiment	Defensive Only	Stationary	Medium	Advanced	false	t	ONE v1
98	PLA ARTY B	0	Field Artillery	Combat	Company/Battery	Offensive Only	Mobile (wheeled)	Medium	Basic	false	f	ONE v1
100	PLA CO B	40	Infantry	Combat	Company/Battery	Offensive Only	Mobile (foot)	Medium	Basic	false	f	ONE v1
78	CO B	41	Infantry	Combat	Company/Battery	Offensive Only	Mobile (foot)	Medium	Advanced	true	f	ONE v1
80	ARTY A	34	Field Artillery	Combat	Company/Battery	Offensive Only	Mobile (wheeled)	Medium	Advanced	true	f	ONE v1
103	PLA SOF TM	0	Special Operations Forces	Combat	Squad/Team	Offensive Only	Mobile (foot)	High	Advanced	false	f	ONE v1
93	PLA BG C	0	Armored Mechanized	Combat	Brigade/Regiment	Offense and Defense	Mobile (foot)	Medium	Basic	false	f	ONE v1
97	PLA ARTY A	70	Field Artillery	Combat	Company/Battery	Offensive Only	Mobile (wheeled)	Medium	Basic	false	f	ONE v1
65	JFLCC	100	Command and Control	Headquarters	Brigade/Regiment	Defensive Only	Stationary	Medium	Advanced	true	f	ONE v1
89	PLAA	2	Command and Control	Headquarters	Brigade/Regiment	Defensive Only	Stationary	Medium	Advanced	false	f	ONE v1
87	Ezohuguma B	18	Special Operations Forces	Combat	Battalion	Offense and Defense	Mobile (wheeled)	High	Elite	true	f	ONE v1
104	PLA SOF TM	0	Special Operations Forces	Combat	Squad/Team	Offensive Only	Mobile (foot)	High	Advanced	false	f	ONE v1
91	PLA BG	0	Infantry	Combat	Brigade/Regiment	Offense and Defense	Mobile (foot)	Medium	Basic	false	f	ONE v1
250	RPA	88	Unmanned Aerial Systems	Combat	Squad/Team	Offense and Defense	Flight (fixed wing)	High	Advanced	true	f	ONE v1
94	PLA CO A	52	Infantry	Combat	Company/Battery	Offensive Only	Mobile (foot)	Medium	Basic	false	f	ONE v1
251	RPA	100	Unmanned Aerial Systems	Combat	Squad/Team	Offense and Defense	Flight (fixed wing)	High	Advanced	true	f	ONE v1
252	RPA 3	100	Unmanned Aerial Systems	Combat	Squad/Team	Offense and Defense	Flight (fixed wing)	High	Advanced	true	f	ONE v1
260	CJTFHQ	100	Command and Control	Headquarters	Brigade/Regiment	Defensive Only	Stationary	Medium	Advanced	true	t	test 3
262	CJTFHQ	100	Command and Control	Headquarters	Brigade/Regiment	Defensive Only	Stationary	Medium	Advanced	true	t	test 2
84	MARSOC	5	Reconnaissance	Combat	Squad/Team	Offensive Only	Mobile (foot)	High	Elite	true	f	ONE v1
96	PLA CO C	0	Infantry	Combat	Company/Battery	Offensive Only	Mobile (foot)	Medium	Basic	false	f	ONE v1
81	ARTY B	12	Field Artillery	Combat	Company/Battery	Offensive Only	Mobile (wheeled)	Medium	Advanced	true	f	ONE v1
83	SFG	70	Special Operations Forces	Combat	Battalion	Offense and Defense	Mobile (wheeled)	High	Elite	true	f	ONE v1
79	CO C	42	Infantry	Combat	Company/Battery	Offensive Only	Mobile (foot)	Medium	Advanced	true	f	ONE v1
92	PLA BG B	0	Infantry	Combat	Brigade/Regiment	Offense and Defense	Mobile (foot)	Medium	Basic	false	f	ONE v1
102	PLA SOF CO	67	Special Operations Forces	Combat	Company/Battery	Offensive Only	Mobile (foot)	High	Advanced	false	f	ONE v1
95	PLA CO B	0	Infantry	Combat	Company/Battery	Offensive Only	Mobile (foot)	Medium	Basic	false	f	ONE v1
235	CO Z	17	Field Artillery	Combat	Company/Battery	Offensive Only	Mobile (wheeled)	Medium	Advanced	true	f	ONE v1
263	Logistics	100	Combat Support	Supply Materials	Battalion	Offense and Defense	Mobile (wheeled)	Medium	Advanced	true	f	test 3
266	Logistics	100	Combat Support	Supply Materials	Battalion	Offense and Defense	Mobile (wheeled)	Medium	Advanced	true	f	test 2
269	Logistics	100	Combat Support	Supply Materials	Battalion	Offense and Defense	Mobile (wheeled)	Medium	Advanced	true	f	test 3
271	PLA BG	100	Infantry	Combat	Brigade/Regiment	Offense and Defense	Mobile (foot)	Medium	Basic	false	f	test 2
272	PLA CO	100	Infantry	Combat	Company/Battery	Offensive Only	Mobile (foot)	Medium	Basic	false	f	test 2
273	PLA SOF CO	100	Special Operations Forces	Combat	Company/Battery	Offensive Only	Mobile (foot)	High	Advanced	false	f	test 3
267	Logistics	100	Combat Support	Supply Materials	Battalion	Offense and Defense	Mobile (wheeled)	Medium	Advanced	true	f	test 2
268	PLAHQ	100	Command and Control	Headquarters	Brigade/Regiment	Defensive Only	Stationary	Medium	Advanced	false	t	test 2
265	Artillery	25	Field Artillery	Combat	Company/Battery	Offensive Only	Mobile (wheeled)	Medium	Advanced	true	f	test 3
274	PLA ARTY	26	Field Artillery	Combat	Company/Battery	Offensive Only	Mobile (wheeled)	Medium	Basic	false	f	test 3
275	Rangers	100	Combined Arms	Combat	Battalion	Offensive Only	Mobile (wheeled)	High	Elite	true	f	ONE v1
276	CJTFHQ	100	Command and Control	Headquarters	Brigade/Regiment	Defensive Only	Stationary	Medium	Advanced	true	t	test 2.2
277	Logistics	100	Combat Support	Supply Materials	Battalion	Offense and Defense	Mobile (wheeled)	Medium	Advanced	true	f	test 2.2
278	PLA BG	100	Infantry	Combat	Brigade/Regiment	Offense and Defense	Mobile (foot)	Medium	Basic	false	f	test 2.2
279	PLA CO	100	Infantry	Combat	Company/Battery	Offensive Only	Mobile (foot)	Medium	Basic	false	f	test 2.2
280	Logistics	100	Combat Support	Supply Materials	Battalion	Offense and Defense	Mobile (wheeled)	Medium	Advanced	true	f	test 2.2
281	PLAHQ	100	Command and Control	Headquarters	Brigade/Regiment	Defensive Only	Stationary	Medium	Advanced	false	t	test 2.2
264	Brigade	100	Infantry	Combat	Brigade/Regiment	Offensive Only	Mobile (foot)	Medium	Advanced	true	f	test 3
270	PLAHQ	50	Command and Control	Headquarters	Brigade/Regiment	Defensive Only	Stationary	Medium	Advanced	false	t	test 3
282	US-MLR	50	Infantry	Combat	Battalion	Offense and Defense	Mobile (wheeled)	High	Advanced	true	t	updated test
283	INF-CO-D-5	56	Infantry	Combat	Company/Battery	Defensive Only	Mobile (foot)	Medium	Advanced	false	t	updated test
284	EZOHIGUMA-B	100	Special Operations Forces	Combat	Squad/Team	Offense and Defense	Mobile (foot)	Low	Untrained	true	f	test 2.2
285	INF-BG-C-10	100	Infantry	Combat	Brigade/Regiment	Defensive Only	Mobile (wheeled)	Low	Basic	false	f	test 2.2
287	US-ARM-CO-B	100	Armor Company	Combat	Company/Battery	Offensive Only	Mobile (track)	High	Advanced	true	f	test again
90	PLASOF	0	Command and Control	Headquarters	Brigade/Regiment	Defensive Only	Stationary	Medium	Advanced	false	f	ONE v1
72	BGB	100	Infantry	Combat	Brigade/Regiment	Offensive Only	Mobile (foot)	Medium	Advanced	true	f	ONE v1
288	JAF-BN-B	100	Infantry	Combat	Battalion	Offensive Only	Mobile (wheeled)	High	Advanced	true	f	test again
289	US-LOG	100	Combat Support	Supply Materials	Battalion	Defensive Only	Mobile (wheeled)	High	Basic	true	f	test again
290	US-ARTY-A	100	Field Artillery	Combat	Company/Battery	Offensive Only	Mobile (track)	High	Advanced	true	f	test again
291	US-ARTY-B	100	Field Artillery	Combat	Company/Battery	Offensive Only	Mobile (track)	High	Advanced	true	f	test again
292	US-ARTY-C	100	Field Artillery	Combat	Company/Battery	Offensive Only	Mobile (track)	High	Advanced	true	f	test again
293	NSW	100	Special Operations Forces	Combat	Squad/Team	Offense and Defense	Mobile (foot)	High	Elite	true	f	test again
294	US-MEU	100	Infantry	Combat	Battalion	Offense and Defense	Mobile (wheeled)	High	Advanced	true	f	test again
295	INF-BG-A-10	100	Infantry	Combat	Brigade/Regiment	Defensive Only	Mobile (wheeled)	Low	Basic	false	t	test again
296	SOF-BN-A-8	100	Special Operations Forces	Combat	Battalion	Offense and Defense	Mobile (foot)	High	Elite	false	f	test again
298	SOF-BN-B-8	100	Special Operations Forces	Combat	Battalion	Offense and Defense	Mobile (foot)	High	Elite	false	f	test again
286	EZOHIGUMA-B	0	Special Operations Forces	Combat	Squad/Team	Offense and Defense	Mobile (foot)	Low	Untrained	true	t	test again
297	SOF-BN-C-8	0	Special Operations Forces	Combat	Battalion	Offense and Defense	Mobile (foot)	High	Elite	false	f	test again
299	INF-CO-B-5	100	Infantry	Combat	Company/Battery	Defensive Only	Mobile (foot)	Medium	Advanced	false	f	test again
\.


--
-- TOC entry 4915 (class 0 OID 16675)
-- Dependencies: 225
-- Data for Name: sections; Type: TABLE DATA; Schema: public; Owner: postgres
--

COPY public.sections (sectionid, isonline) FROM stdin;
ONE v1	t
test again	t
mysection	t
\.


--
-- TOC entry 4916 (class 0 OID 16678)
-- Dependencies: 226
-- Data for Name: tactics; Type: TABLE DATA; Schema: public; Owner: postgres
--

COPY public.tactics (friendlyawareness, enemyawareness, friendlylogistics, enemylogistics, friendlycoverage, enemycoverage, friendlygps, enemygps, friendlycomms, enemycomms, friendlyfire, enemyfire, friendlypattern, enemypattern, engagementid) FROM stdin;
1	0	1	0	1	0	1	0	1	0	1	0	1	1	657
1	0	1	0	1	0	1	0	1	0	1	0	1	1	658
0	1	1	1	1	1	1	1	1	1	1	1	1	1	659
1	1	1	1	1	1	1	1	1	1	1	1	1	1	660
1	1	1	1	1	1	1	1	1	1	1	1	1	1	661
0	1	0	1	0	1	0	1	0	1	0	1	1	1	662
0	1	0	1	0	1	1	1	1	1	1	1	0	1	663
1	1	1	1	1	1	1	1	1	1	1	1	1	1	664
1	1	1	1	1	1	1	1	1	1	1	1	1	1	665
1	1	1	1	0	1	1	1	1	1	1	1	0	1	666
0	1	1	1	1	1	0	1	1	1	1	1	1	1	667
1	1	0	1	0	1	1	1	0	1	1	1	1	1	668
0	1	1	1	1	1	1	1	1	1	1	1	1	1	669
0	1	1	1	1	1	0	1	1	1	1	1	1	1	670
1	1	0	1	1	1	1	1	1	1	1	1	1	1	671
0	1	1	1	1	1	1	1	1	1	1	1	1	1	672
1	1	0	1	1	1	1	1	1	1	1	1	1	1	673
1	1	0	1	1	1	1	1	1	1	1	1	1	1	674
1	1	0	1	1	1	1	1	1	1	1	1	1	1	675
1	1	0	1	0	1	1	1	1	1	1	1	1	1	676
1	1	0	1	0	1	1	1	1	1	0	1	1	1	677
0	1	1	1	1	1	1	1	1	1	1	1	1	1	678
1	1	1	1	1	1	0	1	0	1	1	1	1	1	679
1	1	1	1	1	1	0	1	0	1	1	1	1	1	680
0	1	1	1	1	1	1	1	1	1	1	1	1	1	681
1	1	0	1	1	1	1	1	1	1	1	1	1	1	682
0	1	1	1	1	1	0	1	1	1	1	1	1	1	683
0	1	1	1	1	1	0	1	1	1	1	1	1	1	684
0	1	1	1	1	1	1	1	0	1	1	1	1	1	685
1	0	0	0	1	1	1	1	1	1	1	0	1	0	686
0	1	1	1	0	1	0	1	1	1	1	1	1	1	687
0	1	1	1	0	1	0	1	1	1	1	1	1	1	688
1	1	0	1	1	1	1	1	1	1	1	1	1	1	689
1	1	1	1	1	1	1	1	1	1	1	1	1	1	690
0	1	1	1	1	1	1	1	1	1	1	1	1	1	691
0	1	1	1	1	1	1	1	1	1	1	1	1	1	692
1	1	1	1	0	1	0	1	1	1	1	1	1	1	693
1	1	1	1	0	1	0	1	1	1	1	1	1	1	694
0	1	1	1	1	1	0	1	1	1	1	1	1	1	695
0	0	1	0	1	1	0	1	1	1	1	0	1	0	696
1	1	1	1	0	1	1	1	1	1	0	1	1	1	697
1	1	0	1	1	1	0	1	1	1	1	1	1	1	698
1	1	0	1	1	1	1	1	1	1	1	1	1	1	699
1	1	0	1	0	1	1	1	1	1	1	1	1	1	700
0	1	1	1	0	1	1	1	1	1	1	1	1	1	701
1	1	0	1	1	1	1	1	1	1	0	1	1	1	702
1	1	0	1	1	1	1	1	1	1	1	1	1	1	703
0	1	1	1	1	1	1	1	1	1	1	1	1	1	704
0	1	0	1	0	1	1	1	1	1	1	1	1	1	705
1	1	0	1	1	1	0	1	1	1	1	1	1	1	706
0	1	1	1	0	1	1	1	1	1	1	1	1	1	707
1	1	0	1	0	1	1	1	1	1	1	1	1	1	708
1	1	1	1	0	1	0	1	1	1	0	1	1	1	709
1	1	1	1	0	1	1	1	1	1	0	1	1	1	710
0	1	1	1	0	1	1	1	0	1	1	1	1	1	711
1	1	0	1	1	1	0	1	0	1	1	1	1	1	712
0	1	1	1	1	1	1	1	1	1	1	1	1	1	713
1	1	0	1	0	1	1	1	1	1	1	1	1	1	714
1	1	0	1	1	1	1	1	1	1	1	1	1	1	715
1	1	0	1	1	1	0	1	1	1	1	1	1	1	716
1	1	1	1	1	1	0	1	1	1	1	1	1	1	717
1	1	1	1	1	1	0	1	1	1	1	1	1	1	718
1	1	1	1	1	1	0	1	1	1	1	1	1	1	719
1	1	1	1	0	1	1	1	1	1	1	1	0	1	720
1	1	1	1	0	1	1	1	1	1	1	1	1	1	721
1	1	1	1	1	1	1	1	1	1	1	1	1	1	722
1	1	1	1	1	1	0	1	1	1	1	1	1	1	723
1	1	1	1	1	1	1	1	1	1	1	1	1	1	724
1	1	1	1	1	1	1	1	1	1	1	1	1	1	725
1	1	1	1	1	1	1	1	1	1	1	1	1	1	726
1	1	1	1	1	1	1	1	1	1	1	1	1	1	727
1	1	1	1	1	1	1	1	1	1	1	1	1	1	728
1	1	1	1	0	1	1	1	1	1	1	1	1	1	729
1	0	1	0	0	1	1	1	1	1	1	0	1	0	730
1	0	1	0	1	1	1	1	1	1	1	0	1	0	731
1	1	1	1	0	1	1	1	0	1	1	1	1	1	732
1	1	1	1	1	1	0	1	0	1	1	1	1	1	733
1	1	1	1	1	1	0	1	1	1	1	1	1	1	734
1	1	1	1	1	1	0	1	0	1	1	1	1	1	735
1	1	1	1	0	1	1	1	0	1	1	1	1	1	736
1	1	1	1	1	1	1	1	0	1	1	1	1	1	737
0	1	1	1	1	1	1	1	0	1	1	1	1	1	738
1	1	1	1	1	1	1	1	1	1	1	1	1	1	739
1	1	1	1	1	1	1	1	1	1	1	1	1	1	740
1	1	1	1	1	1	1	1	1	1	1	1	1	1	741
1	1	1	1	1	1	1	1	0	1	1	1	1	1	742
0	1	1	1	0	1	1	1	1	1	1	1	1	1	743
0	1	1	1	1	1	0	1	1	1	1	1	1	1	744
0	1	1	1	0	1	0	1	1	1	1	1	1	1	745
0	1	1	1	1	1	0	1	1	1	1	1	1	1	746
0	1	1	1	1	1	1	1	1	1	1	1	1	1	747
1	1	1	1	1	1	1	1	1	1	1	1	1	1	748
0	1	0	1	1	1	1	1	1	1	1	1	1	1	749
0	1	0	1	1	1	1	1	1	1	1	1	1	1	750
0	1	0	1	1	1	1	1	1	1	1	1	1	1	751
0	1	0	1	1	1	1	1	1	1	1	1	1	1	752
0	1	0	1	1	1	1	1	1	1	1	1	1	1	753
0	1	0	1	1	1	1	1	1	1	1	1	1	1	754
1	1	1	1	0	1	0	1	1	1	1	1	1	1	755
1	1	1	1	0	1	0	1	1	1	1	1	1	1	756
1	1	1	1	1	1	1	1	1	1	1	1	1	1	757
0	1	1	1	0	1	1	1	1	1	1	1	1	1	758
1	1	1	1	1	1	1	1	1	1	1	1	1	1	759
1	1	1	1	1	1	1	1	1	1	1	1	1	1	760
1	1	1	1	1	1	1	1	1	1	1	1	1	1	761
1	1	1	1	1	1	1	1	1	1	1	1	1	1	762
1	1	0	1	1	1	1	1	0	1	1	1	1	1	763
1	1	0	1	1	1	1	1	0	1	0	1	0	1	764
1	1	1	1	1	1	1	1	1	1	1	1	1	1	765
1	1	1	1	1	1	1	1	1	1	1	1	1	1	766
1	1	1	1	1	1	1	1	1	1	1	1	1	1	767
1	1	1	1	1	1	1	1	1	1	1	1	1	1	768
1	1	1	1	1	1	1	1	1	1	1	1	1	1	769
1	1	1	1	1	1	1	1	1	1	1	1	1	1	770
1	1	1	1	1	1	1	1	1	1	1	1	1	1	771
1	1	1	1	1	1	1	1	1	1	1	1	1	1	772
1	1	1	1	0	1	1	1	0	1	0	1	1	1	773
1	1	1	1	1	1	1	1	1	1	1	1	1	1	774
1	1	1	1	1	1	1	1	1	1	1	1	1	1	775
1	1	0	1	1	1	1	1	1	1	0	1	1	1	776
1	1	0	1	1	1	1	1	1	1	0	1	1	1	777
1	1	0	1	1	1	1	1	1	1	0	1	1	1	778
0	1	1	1	1	1	1	1	1	1	1	1	1	1	779
1	1	1	1	1	1	1	1	1	1	1	1	1	1	780
1	1	1	1	1	1	1	1	1	1	1	1	1	1	781
1	1	1	1	1	1	1	1	1	1	1	1	1	1	782
1	1	1	1	1	1	1	1	1	1	1	1	1	1	783
1	1	1	1	1	1	1	1	1	1	1	1	1	1	784
1	1	1	1	1	1	1	1	1	1	1	1	1	1	785
1	1	1	1	1	1	1	1	1	1	1	1	1	1	786
1	1	1	1	1	1	1	1	1	1	1	1	1	1	787
1	1	1	1	1	1	1	1	1	1	1	1	1	1	788
1	1	1	1	1	1	1	1	1	1	1	1	1	1	789
1	1	1	1	1	1	1	1	1	1	1	1	1	1	790
1	1	1	1	1	1	1	1	1	1	1	1	1	1	791
1	1	1	1	1	1	1	1	1	1	1	1	1	1	792
1	1	1	1	1	1	1	1	1	1	1	1	0	1	793
1	1	1	1	1	1	1	1	1	1	1	1	1	1	794
1	1	1	1	1	1	1	1	1	1	1	1	1	1	795
1	1	1	1	1	1	1	1	1	1	1	1	1	1	796
1	1	1	1	1	1	1	1	1	1	1	1	1	1	797
1	1	1	1	1	1	1	1	1	1	1	1	1	1	798
1	0	0	1	1	1	1	0	1	1	1	0	1	1	799
1	0	1	1	1	1	1	0	1	0	1	0	1	1	800
1	0	1	0	1	1	1	0	1	1	1	0	0	1	801
1	1	1	1	1	1	1	1	1	1	1	1	0	1	802
1	0	0	0	0	1	1	0	1	0	1	0	0	1	803
1	0	0	0	0	1	1	0	1	0	1	0	0	1	804
1	0	0	0	0	1	1	0	1	0	1	0	0	1	805
\.


--
-- TOC entry 4918 (class 0 OID 16682)
-- Dependencies: 228
-- Data for Name: unit_tactics; Type: TABLE DATA; Schema: public; Owner: postgres
--

COPY public.unit_tactics ("ID", awareness, logistics, coverage, gps, comms, fire, pattern) FROM stdin;
\.


--
-- TOC entry 4919 (class 0 OID 16685)
-- Dependencies: 229
-- Data for Name: units; Type: TABLE DATA; Schema: public; Owner: postgres
--

COPY public.units (unit_name, unit_type, unit_health, unit_role, unit_size, unit_posture, unit_mobility, unit_readiness, unit_skill, children, section_id, unit_id, is_root, is_friendly, xcord, ycord, zcord, site_id, application_id, unit_ern, unit_wez) FROM stdin;
INF-BN-A-7	Infantry	100	Combat	Battalion	Defensive Only	Mobile (wheeled)	Medium	Basic	\N	test again	808902	\N	t	15	10	0	\N	\N	\N	\N
EZOHIGUMA-D	Special Operations Forces - EZO	100	Combat	Squad/Team	Offense and Defense	Mobile (foot)	Low	Untrained	\N	\N	72	\N	t	\N	\N	\N	1	2	5	\N
EZOHIGUMA-B	Special Operations Forces - EZO	100	Combat	Squad/Team	Offense and Defense	Mobile (foot)	Low	Untrained	\N	\N	74	\N	t	\N	\N	\N	10	10	13	\N
EZOHIGUMA-B	Special Operations Forces - EZO	100	Combat	Squad/Team	Offense and Defense	Mobile (foot)	Low	Untrained	\N	\N	73	\N	t	\N	\N	\N	1	2	10	\N
EZOHIGUMA-B	Special Operations Forces - EZO	100	Combat	Squad/Team	Offense and Defense	Mobile (foot)	Low	Untrained	\N	Test	2	\N	t	500	4000	7000	1	2	123	\N
EZOHIGUMA-B	Special Operations Forces - EZO	100	Combat	Squad/Team	Offense and Defense	Mobile (foot)	Low	Untrained	\N	Test	6	\N	t	400	900	80	1	2	134	\N
EZOHIGUMA-C	Special Operations Forces - EZO	100	Combat	Squad/Team	Offense and Defense	Mobile (foot)	Low	Untrained	\N	Test	7	\N	t	450	1000	90	1	2	135	\N
EZOHIGUMA-C	Special Operations Forces - EZO	100	Combat	Squad/Team	Offense and Defense	Mobile (foot)	Low	Untrained	\N	TEST	8	\N	t	5678	1234	7890	1	2	1245	\N
EZOHIGUMA-C	Special Operations Forces - EZO	100	Combat	Squad/Team	Offense and Defense	Mobile (foot)	Low	Untrained	\N	TES!	9	\N	t	678	124	589	1	2	12345	\N
EZOHIGUMA-D	Special Operations Forces - EZO	100	Combat	Squad/Team	Offense and Defense	Mobile (foot)	Low	Untrained	\N	test again	10	\N	t	20	21	22	1	2	1234	\N
EZOHIGUMA-B	Special Operations Forces - EZO	100	Combat	Squad/Team	Offense and Defense	Mobile (foot)	Low	Untrained	\N	test again	13	\N	t	-4079271.14459905	4486126.922	-1909786.12840086	1	2	1235	\N
EZOHIGUMA-B	Special Operations Forces - EZO	100	Combat	Squad/Team	Offense and Defense	Mobile (foot)	Low	Untrained	\N	\N	71	\N	t	\N	\N	\N	1	2	4	\N
INF-CO-H-5	Infantry	100	Combat	Company/Battery	Defensive Only	Mobile (foot)	Medium	Advanced	\N	mo_test	19	\N	f	511678.702376345	-4878923.37941081	4062785.30218114	1	13	11039	10
INF-BN-A-7	Infantry	0	Combat	Battalion	Defensive Only	Mobile (wheeled)	Medium	Basic	\N	test again	15	\N	f	511661.163909433	-4878979.57061264	4062761.81157242	1	13	11039	10
CH-ARM-CO-A	Armor Company	100	Combat	Company/Battery	Defensive Only	Mobile (track)	Low	Basic	\N	section	18	\N	f	5.6	6	8	20	25	1200	10
EZOHIGUMA-C	Special Operations Forces - EZO	51	Combat	Squad/Team	Offense and Defense	Mobile (foot)	Low	Untrained	\N	test again	14	\N	t	-4079271.14459905	4486126.922	-1909786.12840086	1	2	1235	15
CH-ARM-CO-B	Armor Company	51	Combat	Company/Battery	Defensive Only	Mobile (track)	Low	Basic	\N	test again	12	\N	f	-4079271.14459905	4513126.92167	-1909786.12840086	1	2	1235	\N
US-MEU	Infantry	13	Combat	Battalion	Offense and Defense	Mobile (wheeled)	High	Advanced	\N	test again	16	\N	t	511660.61959932	-4879056.30272746	4062666.13148116	1	13	11039	20
US-MLR	Infantry	100	Combat	Battalion	Offense and Defense	Mobile (wheeled)	High	Advanced	\N	mysection	54	\N	t	0	0	0	1	13	0	20
SOF-BN-A-8	Special Operations Forces	0	Combat	Battalion	Offense and Defense	Mobile (foot)	High	Elite	\N	test again	23	\N	f	511458.494344392	-4879081.51197384	4062665.26492729	1	13	11215	10
US-LOG	Combat Support	100	Supply Materials	Battalion	Defensive Only	Mobile (wheeled)	High	Basic	\N	mysection	55	\N	t	0	0	0	1	13	0	15
SOF-BN-A-8	Special Operations Forces	12	Combat	Battalion	Offense and Defense	Mobile (foot)	High	Elite	\N	test again	808903	\N	t	20	22	22	\N	\N	\N	20
CH-ARM-CO-A	Armor Company	0	Combat	Company/Battery	Defensive Only	Mobile (track)	Low	Basic	\N	test again	11	\N	f	21	22	22	1	2	1235	10
US-MLR	Infantry	56	Combat	Battalion	Offense and Defense	Mobile (wheeled)	High	Advanced	\N	test again	22	\N	t	511660.61959932	-4879056.30272746	4062666.13148116	1	13	11037	20
US-ARTY-B	Field Artillery	8	Combat	Company/Battery	Offensive Only	Mobile (track)	High	Advanced	\N	test again	808905	\N	t	21	22	22	\N	\N	\N	20
CH-ARM-CO-A	Armor Company	100	Combat	Company/Battery	Defensive Only	Mobile (track)	Low	Basic	\N	mysection	56	\N	f	0	0	0	1	13	0	10
INF-CO-H-5	Infantry	0	Combat	Company/Battery	Defensive Only	Mobile (foot)	Medium	Advanced	\N	test again	21	\N	f	511698.991493648	-4879034.39226133	4062687.46771968	1	13	11039	10
INF-CO-H-5	Infantry	100	Combat	Company/Battery	Defensive Only	Mobile (foot)	Medium	Advanced	\N	mysection	51	\N	f	0	0	0	1	13	11039	10
US-INF-BG-B	Infantry	100	Combat	Brigade/Regiment	Offensive Only	Mobile (wheeled)	High	Basic	\N	mysection	52	\N	t	0	0	0	1	13	11037	10
US-INF-BG-A	Infantry	100	Combat	Brigade/Regiment	Offensive Only	Mobile (wheeled)	High	Basic	\N	mysection	53	\N	t	0	0	0	1	13	0	10
\.


--
-- TOC entry 4935 (class 0 OID 0)
-- Dependencies: 216
-- Name: dis_unit_id_new_seq; Type: SEQUENCE SET; Schema: public; Owner: postgres
--

SELECT pg_catalog.setval('public.dis_unit_id_new_seq', 56, true);


--
-- TOC entry 4936 (class 0 OID 0)
-- Dependencies: 218
-- Name: engagements_engagementid_seq; Type: SEQUENCE SET; Schema: public; Owner: postgres
--

SELECT pg_catalog.setval('public.engagements_engagementid_seq', 805, true);


--
-- TOC entry 4937 (class 0 OID 0)
-- Dependencies: 224
-- Name: section_units_unit_id_seq; Type: SEQUENCE SET; Schema: public; Owner: postgres
--

SELECT pg_catalog.setval('public.section_units_unit_id_seq', 299, true);


--
-- TOC entry 4938 (class 0 OID 0)
-- Dependencies: 227
-- Name: tactics_engagementid_seq; Type: SEQUENCE SET; Schema: public; Owner: postgres
--

SELECT pg_catalog.setval('public.tactics_engagementid_seq', 805, true);


--
-- TOC entry 4939 (class 0 OID 0)
-- Dependencies: 230
-- Name: units_id_seq; Type: SEQUENCE SET; Schema: public; Owner: postgres
--

SELECT pg_catalog.setval('public.units_id_seq', 74, true);


--
-- TOC entry 4742 (class 2606 OID 16693)
-- Name: dis dis_pkey; Type: CONSTRAINT; Schema: public; Owner: postgres
--

ALTER TABLE ONLY public.dis
    ADD CONSTRAINT dis_pkey PRIMARY KEY (unit_id);


--
-- TOC entry 4754 (class 2606 OID 16695)
-- Name: unit_tactics enemy_tactics_pkey; Type: CONSTRAINT; Schema: public; Owner: postgres
--

ALTER TABLE ONLY public.unit_tactics
    ADD CONSTRAINT enemy_tactics_pkey PRIMARY KEY ("ID");


--
-- TOC entry 4744 (class 2606 OID 16697)
-- Name: engagements engagements_pkey; Type: CONSTRAINT; Schema: public; Owner: postgres
--

ALTER TABLE ONLY public.engagements
    ADD CONSTRAINT engagements_pkey PRIMARY KEY (engagementid);


--
-- TOC entry 4746 (class 2606 OID 16699)
-- Name: preset_units presetunits_pkey; Type: CONSTRAINT; Schema: public; Owner: postgres
--

ALTER TABLE ONLY public.preset_units
    ADD CONSTRAINT presetunits_pkey PRIMARY KEY (unit_name);


--
-- TOC entry 4748 (class 2606 OID 16701)
-- Name: section_tree section_tree_pkey; Type: CONSTRAINT; Schema: public; Owner: postgres
--

ALTER TABLE ONLY public.section_tree
    ADD CONSTRAINT section_tree_pkey PRIMARY KEY (child_id);


--
-- TOC entry 4750 (class 2606 OID 16703)
-- Name: sections sections_pkey; Type: CONSTRAINT; Schema: public; Owner: postgres
--

ALTER TABLE ONLY public.sections
    ADD CONSTRAINT sections_pkey PRIMARY KEY (sectionid);


--
-- TOC entry 4752 (class 2606 OID 16705)
-- Name: tactics tactics_pkey; Type: CONSTRAINT; Schema: public; Owner: postgres
--

ALTER TABLE ONLY public.tactics
    ADD CONSTRAINT tactics_pkey PRIMARY KEY (engagementid);


--
-- TOC entry 4756 (class 2606 OID 16707)
-- Name: units units_pkey; Type: CONSTRAINT; Schema: public; Owner: postgres
--

ALTER TABLE ONLY public.units
    ADD CONSTRAINT units_pkey PRIMARY KEY (unit_id);


--
-- TOC entry 4758 (class 2620 OID 16720)
-- Name: dis dis_insert_trigger; Type: TRIGGER; Schema: public; Owner: postgres
--

CREATE TRIGGER dis_insert_trigger AFTER INSERT ON public.dis FOR EACH ROW EXECUTE FUNCTION public.insert_unit_from_dis_and_notify();


--
-- TOC entry 4759 (class 2620 OID 16709)
-- Name: dis insert_new_section; Type: TRIGGER; Schema: public; Owner: postgres
--

CREATE TRIGGER insert_new_section AFTER INSERT ON public.dis FOR EACH ROW WHEN ((new.section_id IS NOT NULL)) EXECUTE FUNCTION public.insert_new_section();


--
-- TOC entry 4760 (class 2620 OID 16710)
-- Name: dis update_units; Type: TRIGGER; Schema: public; Owner: postgres
--

CREATE TRIGGER update_units AFTER UPDATE ON public.dis FOR EACH ROW EXECUTE FUNCTION public.update_unit_from_dis();


--
-- TOC entry 4757 (class 2606 OID 16711)
-- Name: unit_tactics id; Type: FK CONSTRAINT; Schema: public; Owner: postgres
--

ALTER TABLE ONLY public.unit_tactics
    ADD CONSTRAINT id FOREIGN KEY ("ID") REFERENCES public.units(unit_id);


--
-- TOC entry 4926 (class 0 OID 0)
-- Dependencies: 217
-- Name: TABLE engagements; Type: ACL; Schema: public; Owner: postgres
--

GRANT ALL ON TABLE public.engagements TO PUBLIC;


--
-- TOC entry 4927 (class 0 OID 0)
-- Dependencies: 218
-- Name: SEQUENCE engagements_engagementid_seq; Type: ACL; Schema: public; Owner: postgres
--

GRANT ALL ON SEQUENCE public.engagements_engagementid_seq TO PUBLIC;


--
-- TOC entry 4928 (class 0 OID 0)
-- Dependencies: 225
-- Name: TABLE sections; Type: ACL; Schema: public; Owner: postgres
--

GRANT ALL ON TABLE public.sections TO PUBLIC;


--
-- TOC entry 4929 (class 0 OID 0)
-- Dependencies: 226
-- Name: TABLE tactics; Type: ACL; Schema: public; Owner: postgres
--

GRANT ALL ON TABLE public.tactics TO PUBLIC;


--
-- TOC entry 4930 (class 0 OID 0)
-- Dependencies: 227
-- Name: SEQUENCE tactics_engagementid_seq; Type: ACL; Schema: public; Owner: postgres
--

GRANT ALL ON SEQUENCE public.tactics_engagementid_seq TO PUBLIC;


--
-- TOC entry 4931 (class 0 OID 0)
-- Dependencies: 228
-- Name: TABLE unit_tactics; Type: ACL; Schema: public; Owner: postgres
--

GRANT ALL ON TABLE public.unit_tactics TO PUBLIC;


--
-- TOC entry 4932 (class 0 OID 0)
-- Dependencies: 229
-- Name: TABLE units; Type: ACL; Schema: public; Owner: postgres
--

GRANT ALL ON TABLE public.units TO PUBLIC;


--
-- TOC entry 4934 (class 0 OID 0)
-- Dependencies: 230
-- Name: SEQUENCE units_id_seq; Type: ACL; Schema: public; Owner: postgres
--

GRANT ALL ON SEQUENCE public.units_id_seq TO PUBLIC;


-- Completed on 2025-06-23 12:30:21

--
-- PostgreSQL database dump complete
--

